timestamp,players
datetime,int
T,
2015-11-26 03:25:24,551
2015-11-26 03:26:26,554
2015-11-26 03:27:27,546
2015-11-26 03:28:27,560
2015-11-26 03:29:27,559
2015-11-26 03:30:28,562
2015-11-26 03:31:28,560
2015-11-26 03:32:29,552
2015-11-26 03:33:29,551
2015-11-26 03:34:29,549
2015-11-26 03:35:30,538
2015-11-26 03:36:30,540
2015-11-26 03:37:31,536
2015-11-26 03:38:31,547
2015-11-26 03:39:32,551
2015-11-26 03:40:32,434
2015-11-26 03:41:32,488
2015-11-26 03:42:33,494
2015-11-26 03:43:33,506
2015-11-26 03:44:34,518
2015-11-26 03:45:34,520
2015-11-26 03:46:35,516
2015-11-26 03:47:35,528
2015-11-26 03:48:36,536
2015-11-26 03:49:36,430
2015-11-26 03:50:36,510
2015-11-26 03:51:37,516
2015-11-26 03:52:37,524
2015-11-26 03:53:38,532
2015-11-26 03:54:38,536
2015-11-26 03:55:39,538
2015-11-26 03:56:40,371
2015-11-26 03:57:40,496
2015-11-26 03:58:40,507
2015-11-26 03:59:42,519
2015-11-26 04:00:42,518
2015-11-26 04:01:43,523
2015-11-26 04:02:43,530
2015-11-26 04:03:44,534
2015-11-26 04:04:44,548
2015-11-26 04:05:44,549
2015-11-26 04:06:45,552
2015-11-26 04:07:45,553
2015-11-26 04:08:47,554
2015-11-26 04:09:47,555
2015-11-26 04:10:47,567
2015-11-26 04:11:48,569
2015-11-26 04:12:48,576
2015-11-26 04:13:48,574
2015-11-26 04:14:49,577
2015-11-26 04:15:49,580
2015-11-26 04:16:52,584
2015-11-26 04:17:52,577
2015-11-26 04:18:52,585
2015-11-26 04:19:53,589
2015-11-26 04:20:53,590
2015-11-26 04:21:54,599
2015-11-26 04:22:54,610
2015-11-26 04:23:55,607
2015-11-26 04:24:55,608
2015-11-26 04:25:55,600
2015-11-26 04:26:56,612
2015-11-26 04:27:56,601
2015-11-26 04:28:57,549
2015-11-26 04:29:57,580
2015-11-26 04:30:57,585
2015-11-26 04:31:58,589
2015-11-26 04:32:59,588
2015-11-26 04:33:59,585
2015-11-26 04:34:59,594
2015-11-26 04:36:00,589
2015-11-26 04:37:00,587
2015-11-26 04:38:01,583
2015-11-26 04:39:01,587
2015-11-26 04:40:01,583
2015-11-26 04:41:02,585
2015-11-26 04:42:02,587
2015-11-26 04:43:03,590
2015-11-26 04:44:04,593
2015-11-26 04:45:04,587
2015-11-26 04:46:05,588
2015-11-26 04:47:05,589
2015-11-26 04:48:05,588
2015-11-26 04:49:06,600
2015-11-26 04:50:06,590
2015-11-26 04:51:07,418
2015-11-26 04:52:07,535
2015-11-26 04:53:08,551
2015-11-26 04:54:08,561
2015-11-26 04:55:09,563
2015-11-26 04:56:09,575
2015-11-26 04:57:09,570
2015-11-26 04:58:10,368
2015-11-26 04:59:10,514
2015-11-26 05:00:11,531
2015-11-26 05:01:11,541
2015-11-26 05:02:11,546
2015-11-26 05:03:12,551
2015-11-26 05:04:12,361
2015-11-26 05:05:13,502
2015-11-26 05:06:13,519
2015-11-26 05:07:13,523
2015-11-26 05:08:14,529
2015-11-26 05:09:14,537
2015-11-26 05:10:14,545
2015-11-26 05:11:16,538
2015-11-26 05:12:17,545
2015-11-26 05:13:17,551
2015-11-26 05:14:17,553
2015-11-26 05:15:18,562
2015-11-26 05:16:18,566
2015-11-26 05:17:19,572
2015-11-26 05:18:19,565
2015-11-26 05:19:19,567
2015-11-26 05:20:20,566
2015-11-26 05:21:20,574
2015-11-26 05:22:21,582
2015-11-26 05:23:21,580
2015-11-26 05:24:21,573
2015-11-26 05:25:22,578
2015-11-26 05:26:22,579
2015-11-26 05:27:23,576
2015-11-26 05:28:23,588
2015-11-26 05:29:23,592
2015-11-26 05:30:24,587
2015-11-26 05:31:24,589
2015-11-26 05:32:24,588
2015-11-26 05:33:25,590
2015-11-26 05:34:25,593
2015-11-26 05:35:26,594
2015-11-26 05:36:26,595
2015-11-26 05:37:27,599
2015-11-26 05:38:27,602
2015-11-26 05:39:27,608
2015-11-26 05:40:28,614
2015-11-26 05:41:28,608
2015-11-26 05:42:29,614
2015-11-26 05:43:29,617
2015-11-26 05:44:29,621
2015-11-26 05:45:30,622
2015-11-26 05:46:30,625
2015-11-26 05:47:30,629
2015-11-26 05:48:31,622
2015-11-26 05:49:31,622
2015-11-26 05:50:32,623
2015-11-26 05:51:32,632
2015-11-26 05:52:32,637
2015-11-26 05:53:33,629
2015-11-26 05:54:33,634
2015-11-26 05:55:34,639
2015-11-26 05:56:34,633
2015-11-26 05:57:34,635
2015-11-26 05:58:35,637
2015-11-26 05:59:35,629
2015-11-26 06:00:36,633
2015-11-26 06:01:36,627
2015-11-26 06:02:37,632
2015-11-26 06:03:37,630
2015-11-26 06:04:38,633
2015-11-26 06:05:38,632
2015-11-26 06:06:38,639
2015-11-26 06:07:39,634
2015-11-26 06:08:39,636
2015-11-26 06:09:39,636
2015-11-26 06:10:40,637
2015-11-26 06:11:40,637
2015-11-26 06:12:41,636
2015-11-26 06:13:41,642
2015-11-26 06:14:41,638
2015-11-26 06:15:42,643
2015-11-26 06:16:42,639
2015-11-26 06:17:43,637
2015-11-26 06:18:43,642
2015-11-26 06:19:43,639
2015-11-26 06:20:45,645
2015-11-26 06:21:45,644
2015-11-26 06:22:45,639
2015-11-26 06:23:46,641
2015-11-26 06:24:46,644
2015-11-26 06:25:47,636
2015-11-26 06:26:47,597
2015-11-26 06:27:48,615
2015-11-26 06:28:50,622
2015-11-26 06:29:50,632
2015-11-26 06:30:50,633
2015-11-26 06:31:51,638
2015-11-26 06:32:51,597
2015-11-26 06:33:52,631
2015-11-26 06:34:52,636
2015-11-26 06:35:52,641
2015-11-26 06:36:53,642
2015-11-26 06:37:53,646
2015-11-26 06:38:54,646
2015-11-26 06:39:54,649
2015-11-26 06:40:54,656
2015-11-26 06:41:55,661
2015-11-26 06:42:55,662
2015-11-26 06:43:55,659
2015-11-26 06:44:56,663
2015-11-26 06:45:56,658
2015-11-26 06:46:57,660
2015-11-26 06:47:57,657
2015-11-26 06:48:57,668
2015-11-26 06:49:58,664
2015-11-26 06:50:58,659
2015-11-26 06:51:59,663
2015-11-26 06:52:59,667
2015-11-26 06:53:59,663
2015-11-26 06:55:00,666
2015-11-26 06:56:00,662
2015-11-26 06:57:01,661
2015-11-26 06:58:01,663
2015-11-26 06:59:02,667
2015-11-26 07:00:02,665
2015-11-26 07:01:02,664
2015-11-26 07:02:03,668
2015-11-26 07:03:03,563
2015-11-26 07:04:04,608
2015-11-26 07:05:04,607
2015-11-26 07:06:05,631
2015-11-26 07:07:05,631
2015-11-26 07:08:05,630
2015-11-26 07:09:06,633
2015-11-26 07:10:06,627
2015-11-26 07:11:07,632
2015-11-26 07:12:07,635
2015-11-26 07:13:07,642
2015-11-26 07:14:08,643
2015-11-26 07:15:08,629
2015-11-26 07:16:09,649
2015-11-26 07:17:10,648
2015-11-26 07:18:10,651
2015-11-26 07:19:10,650
2015-11-26 07:20:11,646
2015-11-26 07:21:11,645
2015-11-26 07:22:11,645
2015-11-26 07:23:12,638
2015-11-26 07:24:12,638
2015-11-26 07:25:13,641
2015-11-26 07:26:13,640
2015-11-26 07:27:14,630
2015-11-26 07:28:14,626
2015-11-26 07:29:15,636
2015-11-26 07:30:16,632
2015-11-26 07:31:16,632
2015-11-26 07:32:16,634
2015-11-26 07:33:17,637
2015-11-26 07:34:17,641
2015-11-26 07:35:18,636
2015-11-26 07:36:18,635
2015-11-26 07:37:18,646
2015-11-26 07:38:19,646
2015-11-26 07:39:19,642
2015-11-26 07:40:20,647
2015-11-26 07:41:20,642
2015-11-26 07:42:21,632
2015-11-26 07:43:21,636
2015-11-26 07:44:21,631
2015-11-26 07:45:22,625
2015-11-26 07:46:22,631
2015-11-26 07:47:23,626
2015-11-26 07:48:23,628
2015-11-26 07:49:24,622
2015-11-26 07:50:24,627
2015-11-26 07:51:25,620
2015-11-26 07:52:25,620
2015-11-26 07:53:25,628
2015-11-26 07:54:26,630
2015-11-26 07:55:26,622
2015-11-26 07:56:27,624
2015-11-26 07:57:27,616
2015-11-26 07:58:27,627
2015-11-26 07:59:28,622
2015-11-26 08:00:28,616
2015-11-26 08:01:29,619
2015-11-26 08:02:29,619
2015-11-26 08:03:29,617
2015-11-26 08:04:30,615
2015-11-26 08:05:30,619
2015-11-26 08:06:30,628
2015-11-26 08:07:31,634
2015-11-26 08:08:31,636
2015-11-26 08:09:32,634
2015-11-26 08:10:32,640
2015-11-26 08:11:32,645
2015-11-26 08:12:33,645
2015-11-26 08:13:33,638
2015-11-26 08:14:33,637
2015-11-26 08:15:34,634
2015-11-26 08:16:34,637
2015-11-26 08:17:35,644
2015-11-26 08:18:35,646
2015-11-26 08:19:35,642
2015-11-26 08:20:36,639
2015-11-26 08:21:36,631
2015-11-26 08:22:36,632
2015-11-26 08:23:37,632
2015-11-26 08:24:37,629
2015-11-26 08:25:38,625
2015-11-26 08:26:39,626
2015-11-26 08:27:39,628
2015-11-26 08:28:40,629
2015-11-26 08:29:40,634
2015-11-26 08:30:41,640
2015-11-26 08:31:41,631
2015-11-26 08:32:41,636
2015-11-26 08:33:42,637
2015-11-26 08:34:42,632
2015-11-26 08:35:42,635
2015-11-26 08:36:43,641
2015-11-26 08:37:43,637
2015-11-26 08:38:44,640
2015-11-26 08:39:44,639
2015-11-26 08:40:44,640
2015-11-26 08:41:45,641
2015-11-26 08:42:45,635
2015-11-26 08:43:46,638
2015-11-26 08:44:46,642
2015-11-26 08:45:47,641
2015-11-26 08:46:47,645
2015-11-26 08:47:47,645
2015-11-26 08:48:48,642
2015-11-26 08:49:48,644
2015-11-26 08:50:49,645
2015-11-26 08:51:49,637
2015-11-26 08:52:49,637
2015-11-26 08:53:50,631
2015-11-26 08:54:50,632
2015-11-26 08:55:50,634
2015-11-26 08:56:51,633
2015-11-26 08:57:52,628
2015-11-26 08:58:52,628
2015-11-26 08:59:53,630
2015-11-26 09:00:53,633
2015-11-26 09:01:53,630
2015-11-26 09:02:54,625
2015-11-26 09:03:54,628
2015-11-26 09:04:54,628
2015-11-26 09:05:55,629
2015-11-26 09:06:55,624
2015-11-26 09:07:56,627
2015-11-26 09:08:56,624
2015-11-26 09:09:56,625
2015-11-26 09:10:57,627
2015-11-26 09:11:57,628
2015-11-26 09:12:57,632
2015-11-26 09:13:58,624
2015-11-26 09:14:58,627
2015-11-26 09:15:59,626
2015-11-26 09:16:59,625
2015-11-26 09:17:59,632
2015-11-26 09:19:00,632
2015-11-26 09:20:00,627
2015-11-26 09:21:00,631
2015-11-26 09:22:01,621
2015-11-26 09:23:01,622
2015-11-26 09:24:02,624
2015-11-26 09:25:02,624
2015-11-26 09:26:02,623
2015-11-26 09:27:03,629
2015-11-26 09:28:03,627
2015-11-26 09:29:04,629
2015-11-26 09:30:04,624
2015-11-26 09:31:04,631
2015-11-26 09:32:05,632
2015-11-26 09:33:05,631
2015-11-26 09:34:05,626
2015-11-26 09:35:06,632
2015-11-26 09:36:06,625
2015-11-26 09:37:07,620
2015-11-26 09:38:07,615
2015-11-26 09:39:07,615
2015-11-26 09:40:08,601
2015-11-26 09:41:08,609
2015-11-26 09:42:09,617
2015-11-26 09:43:09,617
2015-11-26 09:44:10,623
2015-11-26 09:45:10,619
2015-11-26 09:46:10,619
2015-11-26 09:47:11,621
2015-11-26 09:48:11,618
2015-11-26 09:49:11,626
2015-11-26 09:50:12,622
2015-11-26 09:51:12,626
2015-11-26 09:52:13,617
2015-11-26 09:53:13,627
2015-11-26 09:54:13,623
2015-11-26 09:55:15,635
2015-11-26 09:56:15,626
2015-11-26 09:57:15,628
2015-11-26 09:58:16,630
2015-11-26 09:59:16,627
2015-11-26 10:00:16,631
2015-11-26 10:01:17,629
2015-11-26 10:02:17,634
2015-11-26 10:03:18,629
2015-11-26 10:04:18,633
2015-11-26 10:05:18,631
2015-11-26 10:06:19,620
2015-11-26 10:07:19,618
2015-11-26 10:08:20,619
2015-11-26 10:09:20,619
2015-11-26 10:10:20,615
2015-11-26 10:11:21,621
2015-11-26 10:12:21,622
2015-11-26 10:13:21,617
2015-11-26 10:14:22,611
2015-11-26 10:15:22,608
2015-11-26 10:16:23,610
2015-11-26 10:17:23,616
2015-11-26 10:18:23,617
2015-11-26 10:19:24,623
2015-11-26 10:20:24,628
2015-11-26 10:21:24,635
2015-11-26 10:22:25,637
2015-11-26 10:23:25,631
2015-11-26 10:24:26,620
2015-11-26 10:25:26,629
2015-11-26 10:26:26,626
2015-11-26 10:27:27,622
2015-11-26 10:28:27,621
2015-11-26 10:29:27,614
2015-11-26 10:30:28,623
2015-11-26 10:31:28,619
2015-11-26 10:32:29,627
2015-11-26 10:33:29,628
2015-11-26 10:34:29,628
2015-11-26 10:35:30,625
2015-11-26 10:36:30,629
2015-11-26 10:37:30,620
2015-11-26 10:38:31,625
2015-11-26 10:39:31,621
2015-11-26 10:40:32,622
2015-11-26 10:41:32,627
2015-11-26 10:42:32,619
2015-11-26 10:43:33,620
2015-11-26 10:44:33,621
2015-11-26 10:45:33,624
2015-11-26 10:46:34,636
2015-11-26 10:47:34,632
2015-11-26 10:48:35,626
2015-11-26 10:49:35,626
2015-11-26 10:50:35,628
2015-11-26 10:51:36,619
2015-11-26 10:52:36,625
2015-11-26 10:53:37,624
2015-11-26 10:54:37,627
2015-11-26 10:55:37,620
2015-11-26 10:56:38,621
2015-11-26 10:57:38,629
2015-11-26 10:58:38,621
2015-11-26 10:59:39,622
2015-11-26 11:00:39,623
2015-11-26 11:01:40,618
2015-11-26 11:02:40,619
2015-11-26 11:03:40,622
2015-11-26 11:04:41,615
2015-11-26 11:05:41,625
2015-11-26 11:06:41,620
2015-11-26 11:07:42,618
2015-11-26 11:08:42,619
2015-11-26 11:09:43,622
2015-11-26 11:10:43,624
2015-11-26 11:11:43,631
2015-11-26 11:12:44,631
2015-11-26 11:13:44,627
2015-11-26 11:14:44,620
2015-11-26 11:15:45,622
2015-11-26 11:16:45,620
2015-11-26 11:17:46,626
2015-11-26 11:18:47,618
2015-11-26 11:19:47,608
2015-11-26 11:20:48,611
2015-11-26 11:21:48,612
2015-11-26 11:22:49,615
2015-11-26 11:23:49,613
2015-11-26 11:24:49,617
2015-11-26 11:25:50,618
2015-11-26 11:26:50,612
2015-11-26 11:27:50,618
2015-11-26 11:28:51,622
2015-11-26 11:29:51,621
2015-11-26 11:30:52,621
2015-11-26 11:31:52,617
2015-11-26 11:32:53,622
2015-11-26 11:33:53,626
2015-11-26 11:34:53,631
2015-11-26 11:35:54,630
2015-11-26 11:36:54,625
2015-11-26 11:37:54,627
2015-11-26 11:38:55,630
2015-11-26 11:39:55,638
2015-11-26 11:40:55,631
2015-11-26 11:41:56,634
2015-11-26 11:42:56,635
2015-11-26 11:43:57,645
2015-11-26 11:44:57,648
2015-11-26 11:45:57,650
2015-11-26 11:46:58,648
2015-11-26 11:47:58,648
2015-11-26 11:48:59,648
2015-11-26 11:49:59,653
2015-11-26 11:51:00,653
2015-11-26 11:52:00,651
2015-11-26 11:53:00,655
2015-11-26 11:54:01,650
2015-11-26 11:55:01,644
2015-11-26 11:56:02,652
2015-11-26 11:57:03,650
2015-11-26 11:58:03,649
2015-11-26 11:59:04,654
2015-11-26 12:00:04,647
2015-11-26 12:01:04,646
2015-11-26 12:02:05,645
2015-11-26 12:03:05,647
2015-11-26 12:04:06,647
2015-11-26 12:05:06,642
2015-11-26 12:06:06,535
2015-11-26 12:07:07,580
2015-11-26 12:08:08,593
2015-11-26 12:09:09,607
2015-11-26 12:10:09,610
2015-11-26 12:11:10,619
2015-11-26 12:12:10,616
2015-11-26 12:13:10,617
2015-11-26 12:14:11,618
2015-11-26 12:15:11,619
2015-11-26 12:16:12,633
2015-11-26 12:17:12,632
2015-11-26 12:18:12,630
2015-11-26 12:19:13,625
2015-11-26 12:20:13,637
2015-11-26 12:21:13,644
2015-11-26 12:22:14,637
2015-11-26 12:23:14,629
2015-11-26 12:24:15,628
2015-11-26 12:25:15,626
2015-11-26 12:26:15,629
2015-11-26 12:27:16,623
2015-11-26 12:28:16,612
2015-11-26 12:29:17,625
2015-11-26 12:30:17,619
2015-11-26 12:31:17,628
2015-11-26 12:32:18,626
2015-11-26 12:33:18,629
2015-11-26 12:34:18,632
2015-11-26 12:35:19,629
2015-11-26 12:36:19,634
2015-11-26 12:37:20,630
2015-11-26 12:38:20,627
2015-11-26 12:39:20,633
2015-11-26 12:40:21,632
2015-11-26 12:41:21,639
2015-11-26 12:42:21,644
2015-11-26 12:43:22,640
2015-11-26 12:44:22,645
2015-11-26 12:45:23,644
2015-11-26 12:46:23,647
2015-11-26 12:47:23,647
2015-11-26 12:48:24,647
2015-11-26 12:49:24,656
2015-11-26 12:50:25,656
2015-11-26 12:51:25,655
2015-11-26 12:52:25,657
2015-11-26 12:53:26,655
2015-11-26 12:54:26,658
2015-11-26 12:55:27,661
2015-11-26 12:56:27,669
2015-11-26 12:57:27,665
2015-11-26 12:58:28,670
2015-11-26 12:59:28,674
2015-11-26 13:00:28,676
2015-11-26 13:01:29,673
2015-11-26 13:02:29,670
2015-11-26 13:03:30,672
2015-11-26 13:04:30,664
2015-11-26 13:05:30,674
2015-11-26 13:06:31,674
2015-11-26 13:07:31,676
2015-11-26 13:08:32,671
2015-11-26 13:09:32,673
2015-11-26 13:10:33,676
2015-11-26 13:11:33,675
2015-11-26 13:12:33,679
2015-11-26 13:13:34,677
2015-11-26 13:14:34,682
2015-11-26 13:15:35,683
2015-11-26 13:16:35,682
2015-11-26 13:17:35,673
2015-11-26 13:18:36,684
2015-11-26 13:19:36,693
2015-11-26 13:20:37,635
2015-11-26 13:21:37,677
2015-11-26 13:22:37,666
2015-11-26 13:23:38,673
2015-11-26 13:24:38,675
2015-11-26 13:25:39,680
2015-11-26 13:26:39,689
2015-11-26 13:27:39,691
2015-11-26 13:28:40,686
2015-11-26 13:29:40,681
2015-11-26 13:30:40,685
2015-11-26 13:31:41,681
2015-11-26 13:32:41,684
2015-11-26 13:33:42,681
2015-11-26 13:34:42,685
2015-11-26 13:35:42,692
2015-11-26 13:36:43,694
2015-11-26 13:37:43,705
2015-11-26 13:38:44,699
2015-11-26 13:39:44,710
2015-11-26 13:40:44,711
2015-11-26 13:41:45,720
2015-11-26 13:42:45,715
2015-11-26 13:43:45,721
2015-11-26 13:44:46,716
2015-11-26 13:45:46,716
2015-11-26 13:46:47,728
2015-11-26 13:47:47,726
2015-11-26 13:48:47,730
2015-11-26 13:49:48,736
2015-11-26 13:50:48,736
2015-11-26 13:51:49,740
2015-11-26 13:52:49,743
2015-11-26 13:53:50,741
2015-11-26 13:54:50,749
2015-11-26 13:55:50,752
2015-11-26 13:56:51,752
2015-11-26 13:57:52,753
2015-11-26 13:58:52,749
2015-11-26 13:59:53,745
2015-11-26 14:00:53,745
2015-11-26 14:01:53,754
2015-11-26 14:02:54,754
2015-11-26 14:03:54,756
2015-11-26 14:04:55,765
2015-11-26 14:05:55,757
2015-11-26 14:06:55,764
2015-11-26 14:07:56,754
2015-11-26 14:08:56,761
2015-11-26 14:09:56,762
2015-11-26 14:10:57,764
2015-11-26 14:11:57,768
2015-11-26 14:12:58,756
2015-11-26 14:13:58,764
2015-11-26 14:14:58,764
2015-11-26 14:15:59,769
2015-11-26 14:16:59,770
2015-11-26 14:18:00,764
2015-11-26 14:19:01,772
2015-11-26 14:20:01,782
2015-11-26 14:21:01,772
2015-11-26 14:22:02,774
2015-11-26 14:23:02,783
2015-11-26 14:24:02,787
2015-11-26 14:25:03,782
2015-11-26 14:26:03,779
2015-11-26 14:27:04,782
2015-11-26 14:28:04,775
2015-11-26 14:29:04,783
2015-11-26 14:30:05,786
2015-11-26 14:31:05,716
2015-11-26 14:32:05,612
2015-11-26 14:33:06,650
2015-11-26 14:34:06,674
2015-11-26 14:35:07,679
2015-11-26 14:36:07,691
2015-11-26 14:37:07,697
2015-11-26 14:38:08,705
2015-11-26 14:39:09,707
2015-11-26 14:40:09,717
2015-11-26 14:41:10,712
2015-11-26 14:42:10,722
2015-11-26 14:43:11,719
2015-11-26 14:44:11,727
2015-11-26 14:45:12,729
2015-11-26 14:46:12,718
2015-11-26 14:47:12,726
2015-11-26 14:48:13,733
2015-11-26 14:49:13,743
2015-11-26 14:50:14,749
2015-11-26 14:51:14,755
2015-11-26 14:52:14,761
2015-11-26 14:53:15,766
2015-11-26 14:54:15,760
2015-11-26 14:55:16,764
2015-11-26 14:56:16,765
2015-11-26 14:57:16,775
2015-11-26 14:58:17,765
2015-11-26 14:59:17,767
2015-11-26 15:00:17,769
2015-11-26 15:01:18,763
2015-11-26 15:02:19,758
2015-11-26 15:03:20,762
2015-11-26 15:04:20,701
2015-11-26 15:05:21,187
2015-11-26 15:06:23,78
2015-11-26 15:07:27,13
2015-11-26 15:08:30,13
2015-11-26 15:09:36,13
2015-11-26 15:10:39,13
2015-11-26 15:11:41,0
2015-11-26 15:12:42,0
2015-11-26 15:13:45,2
2015-11-26 15:14:49,4
2015-11-26 15:15:51,3
2015-11-26 15:16:52,145
2015-11-26 15:17:52,237
2015-11-26 15:18:53,289
2015-11-26 15:19:53,352
2015-11-26 15:20:54,375
2015-11-26 15:21:54,396
2015-11-26 15:22:56,417
2015-11-26 15:23:56,429
2015-11-26 15:24:57,442
2015-11-26 15:25:57,456
2015-11-26 15:26:58,476
2015-11-26 15:27:58,512
2015-11-26 15:28:59,523
2015-11-26 15:30:00,531
2015-11-26 15:31:00,536
2015-11-26 15:32:02,540
2015-11-26 15:33:03,553
2015-11-26 15:34:05,558
2015-11-26 15:35:05,560
2015-11-26 15:36:06,585
2015-11-26 15:37:06,593
2015-11-26 15:38:06,599
2015-11-26 15:39:07,599
2015-11-26 15:40:07,609
2015-11-26 15:41:08,611
2015-11-26 15:42:08,614
2015-11-26 15:43:08,623
2015-11-26 15:44:10,622
2015-11-26 15:45:10,636
2015-11-26 15:46:11,645
2015-11-26 15:47:11,623
2015-11-26 15:48:12,637
2015-11-26 15:49:12,637
2015-11-26 15:50:12,422
2015-11-26 15:51:13,577
2015-11-26 15:52:13,595
2015-11-26 15:53:14,597
2015-11-26 15:54:14,607
2015-11-26 15:55:14,622
2015-11-26 15:56:15,622
2015-11-26 15:57:15,619
2015-11-26 15:58:16,626
2015-11-26 15:59:16,631
2015-11-26 16:00:17,639
2015-11-26 16:01:17,636
2015-11-26 16:02:17,641
2015-11-26 16:03:18,639
2015-11-26 16:04:18,645
2015-11-26 16:05:19,645
2015-11-26 16:06:19,638
2015-11-26 16:07:19,639
2015-11-26 16:08:20,644
2015-11-26 16:09:20,652
2015-11-26 16:10:20,653
2015-11-26 16:11:21,649
2015-11-26 16:12:21,660
2015-11-26 16:13:22,657
2015-11-26 16:14:22,648
2015-11-26 16:15:22,651
2015-11-26 16:16:23,652
2015-11-26 16:17:24,657
2015-11-26 16:18:24,657
2015-11-26 16:19:24,662
2015-11-26 16:20:25,672
2015-11-26 16:21:25,671
2015-11-26 16:22:26,670
2015-11-26 16:23:26,669
2015-11-26 16:24:26,667
2015-11-26 16:25:27,663
2015-11-26 16:26:27,662
2015-11-26 16:27:28,664
2015-11-26 16:28:28,670
2015-11-26 16:29:28,668
2015-11-26 16:30:29,664
2015-11-26 16:31:29,657
2015-11-26 16:32:30,657
2015-11-26 16:33:30,651
2015-11-26 16:34:31,649
2015-11-26 16:35:31,644
2015-11-26 16:36:32,652
2015-11-26 16:37:32,643
2015-11-26 16:38:32,640
2015-11-26 16:39:33,635
2015-11-26 16:40:33,647
2015-11-26 16:41:33,645
2015-11-26 16:42:34,648
2015-11-26 16:43:36,653
2015-11-26 16:44:36,663
2015-11-26 16:45:37,666
2015-11-26 16:46:37,671
2015-11-26 16:47:37,663
2015-11-26 16:48:38,670
2015-11-26 16:49:38,665
2015-11-26 16:50:39,658
2015-11-26 16:51:39,657
2015-11-26 16:52:39,663
2015-11-26 16:53:40,662
2015-11-26 16:54:40,660
2015-11-26 16:55:41,659
2015-11-26 16:56:41,642
2015-11-26 16:57:41,649
2015-11-26 16:58:42,649
2015-11-26 16:59:42,653
2015-11-26 17:00:42,651
2015-11-26 17:01:43,646
2015-11-26 17:02:43,652
2015-11-26 17:03:44,657
2015-11-26 17:04:44,648
2015-11-26 17:05:44,660
2015-11-26 17:06:45,666
2015-11-26 17:07:46,663
2015-11-26 17:08:46,650
2015-11-26 17:09:47,644
2015-11-26 17:10:47,634
2015-11-26 17:11:47,643
2015-11-26 17:12:48,638
2015-11-26 17:13:48,634
2015-11-26 17:14:48,642
2015-11-26 17:15:49,638
2015-11-26 17:16:49,636
2015-11-26 17:17:50,649
2015-11-26 17:18:50,653
2015-11-26 17:19:50,653
2015-11-26 17:20:51,637
2015-11-26 17:21:51,639
2015-11-26 17:22:52,638
2015-11-26 17:23:52,631
2015-11-26 17:24:52,639
2015-11-26 17:25:53,633
2015-11-26 17:26:53,626
2015-11-26 17:27:54,625
2015-11-26 17:28:54,619
2015-11-26 17:29:54,621
2015-11-26 17:30:55,621
2015-11-26 17:31:55,621
2015-11-26 17:32:56,616
2015-11-26 17:33:56,612
2015-11-26 17:34:57,611
2015-11-26 17:35:57,603
2015-11-26 17:36:58,610
2015-11-26 17:37:58,609
2015-11-26 17:38:58,611
2015-11-26 17:39:59,611
2015-11-26 17:40:59,611
2015-11-26 17:42:00,608
2015-11-26 17:43:00,604
2015-11-26 17:44:00,602
2015-11-26 17:45:01,596
2015-11-26 17:46:01,600
2015-11-26 17:47:02,597
2015-11-26 17:48:02,598
2015-11-26 17:49:03,592
2015-11-26 17:50:05,597
2015-11-26 17:51:05,598
2015-11-26 17:52:06,601
2015-11-26 17:53:06,600
2015-11-26 17:54:06,608
2015-11-26 17:55:07,603
2015-11-26 17:56:08,601
2015-11-26 17:57:08,603
2015-11-26 17:58:09,596
2015-11-26 17:59:09,578
2015-11-26 18:00:09,580
2015-11-26 18:01:10,583
2015-11-26 18:02:10,572
2015-11-26 18:03:11,575
2015-11-26 18:04:11,571
2015-11-26 18:05:11,568
2015-11-26 18:06:12,567
2015-11-26 18:07:12,568
2015-11-26 18:08:12,561
2015-11-26 18:09:13,557
2015-11-26 18:10:14,556
2015-11-26 18:11:14,561
2015-11-26 18:12:14,560
2015-11-26 18:13:15,557
2015-11-26 18:14:15,561
2015-11-26 18:15:15,555
2015-11-26 18:16:16,552
2015-11-26 18:17:16,554
2015-11-26 18:18:17,547
2015-11-26 18:19:17,542
2015-11-26 18:20:17,540
2015-11-26 18:21:18,544
2015-11-26 18:22:18,543
2015-11-26 18:23:18,543
2015-11-26 18:24:19,555
2015-11-26 18:25:19,550
2015-11-26 18:26:20,554
2015-11-26 18:27:20,553
2015-11-26 18:28:21,552
2015-11-26 18:29:21,559
2015-11-26 18:30:21,562
2015-11-26 18:31:22,562
2015-11-26 18:32:22,559
2015-11-26 18:33:23,549
2015-11-26 18:34:23,551
2015-11-26 18:35:23,554
2015-11-26 18:36:24,558
2015-11-26 18:37:25,558
2015-11-26 18:38:25,555
2015-11-26 18:39:25,557
2015-11-26 18:40:26,557
2015-11-26 18:41:26,561
2015-11-26 18:42:26,551
2015-11-26 18:43:27,551
2015-11-26 18:44:27,553
2015-11-26 18:45:28,549
2015-11-26 18:46:29,545
2015-11-26 18:47:29,547
2015-11-26 18:48:29,548
2015-11-26 18:49:30,546
2015-11-26 18:50:30,548
2015-11-26 18:51:30,545
2015-11-26 18:52:31,553
2015-11-26 18:53:31,551
2015-11-26 18:54:32,554
2015-11-26 18:55:32,557
2015-11-26 18:56:32,555
2015-11-26 18:57:33,547
2015-11-26 18:58:33,548
2015-11-26 18:59:34,548
2015-11-26 19:00:34,544
2015-11-26 19:01:34,546
2015-11-26 19:02:35,552
2015-11-26 19:03:35,550
2015-11-26 19:04:36,545
2015-11-26 19:05:36,555
2015-11-26 19:06:36,550
2015-11-26 19:07:37,558
2015-11-26 19:08:37,556
2015-11-26 19:09:38,555
2015-11-26 19:10:38,550
2015-11-26 19:11:38,556
2015-11-26 19:12:39,556
2015-11-26 19:13:39,554
2015-11-26 19:14:40,561
2015-11-26 19:15:40,567
2015-11-26 19:16:41,565
2015-11-26 19:17:41,559
2015-11-26 19:18:41,564
2015-11-26 19:19:42,567
2015-11-26 19:20:42,565
2015-11-26 19:21:43,559
2015-11-26 19:22:43,557
2015-11-26 19:23:43,559
2015-11-26 19:24:44,552
2015-11-26 19:25:44,559
2015-11-26 19:26:45,557
2015-11-26 19:27:46,555
2015-11-26 19:28:47,562
2015-11-26 19:29:47,555
2015-11-26 19:30:48,555
2015-11-26 19:31:49,560
2015-11-26 19:32:49,555
2015-11-26 19:33:49,551
2015-11-26 19:34:50,558
2015-11-26 19:35:50,557
2015-11-26 19:36:51,551
2015-11-26 19:37:51,553
2015-11-26 19:38:52,556
2015-11-26 19:39:53,556
2015-11-26 19:40:53,552
2015-11-26 19:41:53,552
2015-11-26 19:42:54,558
2015-11-26 19:43:54,558
2015-11-26 19:44:55,567
2015-11-26 19:45:55,556
2015-11-26 19:46:55,551
2015-11-26 19:47:56,557
2015-11-26 19:48:56,563
2015-11-26 19:49:56,552
2015-11-26 19:50:57,550
2015-11-26 19:51:57,555
2015-11-26 19:52:58,547
2015-11-26 19:53:58,545
2015-11-26 19:54:58,548
2015-11-26 19:55:59,550
2015-11-26 19:56:59,553
2015-11-26 19:57:59,552
2015-11-26 19:59:01,556
2015-11-26 20:00:02,559
2015-11-26 20:01:02,559
2015-11-26 20:02:03,561
2015-11-26 20:03:03,557
2015-11-26 20:04:04,547
2015-11-26 20:05:04,547
2015-11-26 20:06:04,542
2015-11-26 20:07:05,546
2015-11-26 20:08:05,552
2015-11-26 20:09:05,550
2015-11-26 20:10:06,549
2015-11-26 20:11:06,545
2015-11-26 20:12:07,545
2015-11-26 20:13:07,548
2015-11-26 20:14:09,548
2015-11-26 20:15:09,549
2015-11-26 20:16:10,547
2015-11-26 20:17:10,546
2015-11-26 20:18:10,543
2015-11-26 20:19:11,540
2015-11-26 20:20:12,554
2015-11-26 20:21:12,550
2015-11-26 20:22:12,548
2015-11-26 20:23:13,548
2015-11-26 20:24:13,545
2015-11-26 20:25:13,548
2015-11-26 20:26:14,541
2015-11-26 20:27:14,546
2015-11-26 20:28:15,539
2015-11-26 20:29:15,541
2015-11-26 20:30:15,545
2015-11-26 20:31:16,541
2015-11-26 20:32:16,541
2015-11-26 20:33:17,542
2015-11-26 20:34:17,534
2015-11-26 20:35:18,539
2015-11-26 20:36:18,534
2015-11-26 20:37:19,534
2015-11-26 20:38:19,532
2015-11-26 20:39:19,525
2015-11-26 20:40:20,531
2015-11-26 20:41:20,529
2015-11-26 20:42:21,530
2015-11-26 20:43:21,531
2015-11-26 20:44:22,526
2015-11-26 20:45:22,528
2015-11-26 20:46:22,539
2015-11-26 20:47:23,537
2015-11-26 20:48:23,535
2015-11-26 20:49:23,527
2015-11-26 20:50:24,535
2015-11-26 20:51:24,531
2015-11-26 20:52:25,533
2015-11-26 20:53:25,536
2015-11-26 20:54:26,534
2015-11-26 20:55:26,536
2015-11-26 20:56:27,530
2015-11-26 20:57:27,535
2015-11-26 20:58:27,534
2015-11-26 20:59:28,537
2015-11-26 21:00:28,537
2015-11-26 21:01:29,535
2015-11-26 21:02:29,537
2015-11-26 21:03:30,538
2015-11-26 21:04:31,524
2015-11-26 21:05:32,523
2015-11-26 21:06:32,525
2015-11-26 21:07:33,523
2015-11-26 21:08:33,519
2015-11-26 21:09:34,522
2015-11-26 21:10:35,521
2015-11-26 21:11:35,523
2015-11-26 21:12:36,528
2015-11-26 21:13:36,529
2015-11-26 21:14:37,536
2015-11-26 21:15:37,534
2015-11-26 21:16:38,538
2015-11-26 21:17:38,538
2015-11-26 21:18:41,534
2015-11-26 21:19:41,535
2015-11-26 21:20:42,534
2015-11-26 21:21:42,532
2015-11-26 21:22:42,537
2015-11-26 21:23:43,529
2015-11-26 21:24:43,533
2015-11-26 21:25:44,533
2015-11-26 21:26:44,538
2015-11-26 21:27:45,543
2015-11-26 21:28:45,539
2015-11-26 21:29:46,533
2015-11-26 21:30:46,536
2015-11-26 21:31:47,531
2015-11-26 21:32:47,538
2015-11-26 21:33:48,533
2015-11-26 21:34:49,531
2015-11-26 21:35:50,533
2015-11-26 21:36:51,535
2015-11-26 21:37:51,538
2015-11-26 21:38:53,537
2015-11-26 21:39:54,539
2015-11-26 21:40:54,542
2015-11-26 21:41:55,543
2015-11-26 21:42:55,541
2015-11-26 21:43:55,547
2015-11-26 21:44:56,548
2015-11-26 21:45:56,546
2015-11-26 21:46:57,546
2015-11-26 21:47:57,544
2015-11-26 21:48:57,549
2015-11-26 21:49:58,546
2015-11-26 21:50:59,542
2015-11-26 21:51:59,540
2015-11-26 21:52:59,528
2015-11-26 21:54:00,539
2015-11-26 21:55:00,537
2015-11-26 21:56:01,542
2015-11-26 21:57:01,539
2015-11-26 21:58:01,533
2015-11-26 21:59:02,525
2015-11-26 22:00:02,535
2015-11-26 22:01:03,534
2015-11-26 22:02:03,532
2015-11-26 22:03:04,533
2015-11-26 22:04:04,529
2015-11-26 22:05:05,533
2015-11-26 22:06:05,536
2015-11-26 22:07:06,531
2015-11-26 22:08:06,534
2015-11-26 22:09:07,529
2015-11-26 22:10:07,534
2015-11-26 22:11:08,530
2015-11-26 22:12:08,535
2015-11-26 22:13:09,535
2015-11-26 22:14:09,535
2015-11-26 22:15:09,541
2015-11-26 22:16:10,537
2015-11-26 22:17:10,542
2015-11-26 22:18:11,541
2015-11-26 22:19:11,531
2015-11-26 22:20:13,530
2015-11-26 22:21:13,525
2015-11-26 22:22:14,528
2015-11-26 22:23:14,528
2015-11-26 22:24:15,527
2015-11-26 22:25:15,527
2015-11-26 22:26:15,528
2015-11-26 22:27:16,525
2015-11-26 22:28:16,526
2015-11-26 22:29:17,529
2015-11-26 22:30:17,526
2015-11-26 22:31:17,522
2015-11-26 22:32:18,524
2015-11-26 22:33:19,523
2015-11-26 22:34:20,519
2015-11-26 22:35:20,518
2015-11-26 22:36:21,514
2015-11-26 22:37:21,514
2015-11-26 22:38:22,512
2015-11-26 22:39:22,513
2015-11-26 22:40:23,514
2015-11-26 22:41:23,512
2015-11-26 22:42:23,511
2015-11-26 22:43:24,511
2015-11-26 22:44:24,518
2015-11-26 22:45:25,523
2015-11-26 22:46:25,526
2015-11-26 22:47:25,531
2015-11-26 22:48:26,529
2015-11-26 22:49:26,516
2015-11-26 22:50:27,524
2015-11-26 22:51:27,517
2015-11-26 22:52:28,511
2015-11-26 22:53:28,517
2015-11-26 22:54:29,510
2015-11-26 22:55:29,513
2015-11-26 22:56:29,506
2015-11-26 22:57:30,513
2015-11-26 22:58:30,515
2015-11-26 22:59:30,520
2015-11-26 23:00:31,520
2015-11-26 23:01:31,519
2015-11-26 23:02:32,514
2015-11-26 23:03:32,505
2015-11-26 23:04:33,507
2015-11-26 23:05:33,512
2015-11-26 23:06:34,517
2015-11-26 23:07:36,516
2015-11-26 23:08:36,521
2015-11-26 23:09:37,517
2015-11-26 23:10:37,505
2015-11-26 23:11:37,506
2015-11-26 23:12:38,502
2015-11-26 23:13:38,504
2015-11-26 23:14:39,502
2015-11-26 23:15:39,499
2015-11-26 23:16:39,504
2015-11-26 23:17:40,513
2015-11-26 23:18:40,510
2015-11-26 23:19:40,510
2015-11-26 23:20:41,509
2015-11-26 23:21:41,504
2015-11-26 23:22:42,501
2015-11-26 23:23:42,494
2015-11-26 23:24:43,504
2015-11-26 23:25:43,507
2015-11-26 23:26:43,508
2015-11-26 23:27:44,491
2015-11-26 23:28:44,498
2015-11-26 23:29:44,493
2015-11-26 23:30:45,485
2015-11-26 23:31:45,482
2015-11-26 23:32:46,483
2015-11-26 23:33:46,490
2015-11-26 23:34:47,484
2015-11-26 23:35:47,483
2015-11-26 23:36:47,493
2015-11-26 23:37:48,486
2015-11-26 23:38:48,477
2015-11-26 23:39:49,478
2015-11-26 23:40:49,472
2015-11-26 23:41:49,467
2015-11-26 23:42:50,466
2015-11-26 23:43:50,463
2015-11-26 23:44:50,468
2015-11-26 23:45:51,459
2015-11-26 23:46:51,452
2015-11-26 23:47:52,453
2015-11-26 23:48:53,450
2015-11-26 23:49:54,441
2015-11-26 23:50:55,424
2015-11-26 23:51:56,365
2015-11-26 23:52:56,363
2015-11-26 23:53:56,348
2015-11-26 23:54:58,335
2015-11-26 23:55:58,327
2015-11-26 23:56:58,317
2015-11-26 23:58:00,304
2015-11-26 23:59:01,284
2015-11-27 00:00:01,198
2015-11-27 00:01:01,23
2015-11-27 00:02:02,3
2015-11-27 00:03:03,3
2015-11-27 00:04:03,3
2015-11-27 00:05:03,3
2015-11-27 00:06:03,3
2015-11-27 00:07:04,3
2015-11-27 00:08:04,3
2015-11-27 00:09:04,0
2015-11-27 00:10:05,0
2015-11-27 00:11:05,0
2015-11-27 00:12:05,0
2015-11-27 00:13:06,0
2015-11-27 17:15:37,768
2015-11-27 17:16:39,764
2015-11-27 17:17:39,764
2015-11-27 17:18:40,761
2015-11-27 17:19:41,758
2015-11-27 17:20:41,756
2015-11-27 17:21:41,760
2015-11-27 17:22:42,755
2015-11-27 17:23:42,749
2015-11-27 17:24:43,755
2015-11-27 17:25:43,755
2015-11-27 17:26:43,742
2015-11-27 17:27:44,751
2015-11-27 17:28:44,751
2015-11-27 17:29:45,755
2015-11-27 17:30:45,752
2015-11-27 17:31:46,753
2015-11-27 17:32:46,751
2015-11-27 17:33:46,749
2015-11-27 17:34:47,744
2015-11-27 17:35:49,742
2015-11-27 17:36:50,739
2015-11-27 17:37:50,732
2015-11-27 17:38:50,734
2015-11-27 17:39:51,731
2015-11-27 17:40:51,725
2015-11-27 17:41:52,724
2015-11-27 17:42:52,732
2015-11-27 17:43:52,722
2015-11-27 17:44:53,718
2015-11-27 17:45:53,711
2015-11-27 17:46:54,719
2015-11-27 17:47:54,720
2015-11-27 17:48:55,711
2015-11-27 17:49:55,712
2015-11-27 17:50:56,716
2015-11-27 17:51:56,718
2015-11-27 17:52:57,721
2015-11-27 17:53:57,715
2015-11-27 17:54:58,723
2015-11-27 17:55:58,715
2015-11-27 17:56:59,713
2015-11-27 17:57:59,713
2015-11-27 17:58:59,721
2015-11-27 18:00:00,718
2015-11-27 18:01:00,717
2015-11-27 18:02:01,711
2015-11-27 18:03:01,713
2015-11-27 18:04:01,710
2015-11-27 18:05:02,708
2015-11-27 18:06:02,706
2015-11-27 18:07:03,702
2015-11-27 18:08:03,699
2015-11-27 18:09:04,689
2015-11-27 18:10:04,685
2015-11-27 18:11:04,679
2015-11-27 18:12:05,676
2015-11-27 18:13:05,667
2015-11-27 18:14:06,670
2015-11-27 18:15:06,672
2015-11-27 18:16:07,669
2015-11-27 18:17:08,670
2015-11-27 18:18:08,658
2015-11-27 18:19:08,657
2015-11-27 18:20:09,652
2015-11-27 18:21:09,654
2015-11-27 18:22:10,653
2015-11-27 18:23:10,653
2015-11-27 18:24:10,644
2015-11-27 18:25:11,638
2015-11-27 18:26:11,638
2015-11-27 18:27:12,633
2015-11-27 18:28:12,637
2015-11-27 18:29:12,647
2015-11-27 18:30:13,645
2015-11-27 18:31:14,642
2015-11-27 18:32:14,631
2015-11-27 18:33:14,629
2015-11-27 18:34:15,627
2015-11-27 18:35:15,624
2015-11-27 18:36:16,620
2015-11-27 18:37:16,618
2015-11-27 18:38:16,613
2015-11-27 18:39:17,612
2015-11-27 18:40:17,615
2015-11-27 18:41:18,617
2015-11-27 18:42:19,617
2015-11-27 18:43:19,620
2015-11-27 18:44:19,619
2015-11-27 18:45:20,618
2015-11-27 18:46:20,621
2015-11-27 18:47:20,615
2015-11-27 18:48:21,620
2015-11-27 18:49:21,617
2015-11-27 18:50:22,616
2015-11-27 18:51:22,614
2015-11-27 18:52:22,615
2015-11-27 18:53:23,607
2015-11-27 18:54:23,609
2015-11-27 18:55:24,608
2015-11-27 18:56:24,609
2015-11-27 18:57:24,609
2015-11-27 18:58:25,604
2015-11-27 18:59:25,606
2015-11-27 19:00:26,601
2015-11-27 19:01:26,602
2015-11-27 19:02:27,600
2015-11-27 19:03:27,609
2015-11-27 19:04:28,610
2015-11-27 19:05:28,605
2015-11-27 19:06:29,602
2015-11-27 19:07:29,594
2015-11-27 19:08:29,596
2015-11-27 19:09:30,593
2015-11-27 19:10:30,593
2015-11-27 19:11:30,594
2015-11-27 19:12:31,594
2015-11-27 19:13:31,593
2015-11-27 19:14:32,589
2015-11-27 19:15:32,587
2015-11-27 19:16:33,583
2015-11-27 19:17:33,581
2015-11-27 19:18:33,584
2015-11-27 19:19:34,582
2015-11-27 19:20:34,583
2015-11-27 19:21:35,580
2015-11-27 19:22:35,580
2015-11-27 19:23:35,580
2015-11-27 19:24:36,578
2015-11-27 19:25:36,579
2015-11-27 19:26:37,582
2015-11-27 19:27:37,578
2015-11-27 19:28:38,576
2015-11-27 19:29:38,573
2015-11-27 19:30:38,577
2015-11-27 19:31:41,578
2015-11-27 19:32:42,579
2015-11-27 19:33:42,577
2015-11-27 19:34:42,580
2015-11-27 19:35:43,588
2015-11-27 19:36:43,588
2015-11-27 19:37:44,584
2015-11-27 19:38:44,582
2015-11-27 19:39:44,583
2015-11-27 19:40:45,582
2015-11-27 19:41:45,581
2015-11-27 19:42:46,587
2015-11-27 19:43:46,583
2015-11-27 19:44:47,589
2015-11-27 19:45:47,579
2015-11-27 19:46:47,571
2015-11-27 19:47:48,573
2015-11-27 19:48:48,572
2015-11-27 19:49:49,571
2015-11-27 19:50:49,580
2015-11-27 19:51:49,581
2015-11-27 19:52:50,578
2015-11-27 19:53:50,584
2015-11-27 19:54:51,579
2015-11-27 19:55:51,575
2015-11-27 19:56:57,585
2015-11-27 19:57:57,580
2015-11-27 19:58:57,581
2015-11-27 19:59:58,582
2015-11-27 20:00:58,578
2015-11-27 20:01:59,574
2015-11-27 20:02:59,571
2015-11-27 20:03:59,566
2015-11-27 20:05:00,558
2015-11-27 20:06:00,558
2015-11-27 20:07:01,560
2015-11-27 20:08:01,558
2015-11-27 20:09:01,553
2015-11-27 20:10:02,558
2015-11-27 20:11:02,559
2015-11-27 20:12:03,555
2015-11-27 20:13:03,555
2015-11-27 20:14:04,548
2015-11-27 20:15:04,546
2015-11-27 20:16:04,551
2015-11-27 20:17:05,547
2015-11-27 20:18:05,547
2015-11-27 20:19:06,551
2015-11-27 20:20:06,549
2015-11-27 20:21:06,550
2015-11-27 20:22:07,546
2015-11-27 20:23:07,550
2015-11-27 20:24:08,548
2015-11-27 20:25:08,546
2015-11-27 20:26:08,546
2015-11-27 20:27:09,545
2015-11-27 20:28:09,535
2015-11-27 20:29:10,540
2015-11-27 20:30:10,540
2015-11-27 20:31:10,533
2015-11-27 20:32:11,538
2015-11-27 20:33:11,543
2015-11-27 20:34:11,545
2015-11-27 20:35:12,544
2015-11-27 20:36:12,549
2015-11-27 20:37:13,549
2015-11-27 20:38:13,549
2015-11-27 20:39:14,545
2015-11-27 20:40:14,543
2015-11-27 20:41:14,546
2015-11-27 20:42:15,551
2015-11-27 20:43:15,546
2015-11-27 20:44:16,549
2015-11-27 20:45:16,550
2015-11-27 20:46:16,546
2015-11-27 20:47:17,559
2015-11-27 20:48:17,555
2015-11-27 20:49:18,560
2015-11-27 20:50:18,556
2015-11-27 20:51:18,550
2015-11-27 20:52:19,547
2015-11-27 20:53:19,554
2015-11-27 20:54:20,552
2015-11-27 20:55:20,551
2015-11-27 20:56:20,549
2015-11-27 20:57:21,550
2015-11-27 20:58:21,552
2015-11-27 20:59:22,549
2015-11-27 21:00:22,559
2015-11-27 21:01:22,555
2015-11-27 21:02:23,551
2015-11-27 21:03:23,557
2015-11-27 21:04:24,562
2015-11-27 21:05:24,562
2015-11-27 21:06:25,560
2015-11-27 21:07:25,560
2015-11-27 21:08:25,559
2015-11-27 21:09:26,559
2015-11-27 21:10:26,551
2015-11-27 21:11:27,558
2015-11-27 21:12:27,553
2015-11-27 21:13:28,550
2015-11-27 21:14:28,551
2015-11-27 21:15:28,556
2015-11-27 21:16:29,553
2015-11-27 21:17:29,549
2015-11-27 21:18:30,553
2015-11-27 21:19:30,551
2015-11-27 21:20:31,556
2015-11-27 21:21:31,555
2015-11-27 21:22:32,554
2015-11-27 21:23:32,556
2015-11-27 21:24:32,561
2015-11-27 21:25:33,559
2015-11-27 21:26:33,554
2015-11-27 21:27:34,561
2015-11-27 21:28:34,559
2015-11-27 21:29:34,557
2015-11-27 21:30:35,552
2015-11-27 21:31:35,557
2015-11-27 21:32:36,559
2015-11-27 21:33:36,561
2015-11-27 21:34:36,556
2015-11-27 21:35:37,558
2015-11-27 21:36:38,560
2015-11-27 21:37:38,561
2015-11-27 21:38:39,568
2015-11-27 21:39:39,573
2015-11-27 21:40:39,574
2015-11-27 21:41:40,577
2015-11-27 21:42:40,575
2015-11-27 21:43:41,572
2015-11-27 21:44:41,572
2015-11-27 21:45:42,573
2015-11-27 21:46:42,581
2015-11-27 21:47:43,580
2015-11-27 21:48:43,585
2015-11-27 21:49:44,580
2015-11-27 21:50:44,580
2015-11-27 21:51:44,582
2015-11-27 21:52:45,586
2015-11-27 21:53:46,581
2015-11-27 21:54:46,576
2015-11-27 21:55:46,579
2015-11-27 21:56:47,576
2015-11-27 21:57:47,577
2015-11-27 21:58:48,578
2015-11-27 21:59:48,580
2015-11-27 22:00:49,581
2015-11-27 22:01:49,577
2015-11-27 22:02:49,570
2015-11-27 22:03:50,567
2015-11-27 22:04:50,563
2015-11-27 22:05:50,566
2015-11-27 22:06:51,570
2015-11-27 22:07:51,568
2015-11-27 22:08:52,572
2015-11-27 22:09:52,568
2015-11-27 22:10:53,571
2015-11-27 22:11:53,568
2015-11-27 22:12:53,568
2015-11-27 22:13:54,572
2015-11-27 22:14:55,568
2015-11-27 22:15:55,568
2015-11-27 22:16:55,566
2015-11-27 22:17:56,561
2015-11-27 22:18:56,567
2015-11-27 22:19:57,566
2015-11-27 22:20:57,566
2015-11-27 22:21:57,570
2015-11-27 22:22:58,572
2015-11-27 22:23:58,574
2015-11-27 22:24:59,576
2015-11-27 22:25:59,581
2015-11-27 22:27:00,584
2015-11-27 22:28:00,586
2015-11-27 22:29:00,585
2015-11-27 22:30:01,585
2015-11-27 22:31:01,589
2015-11-27 22:32:01,590
2015-11-27 22:33:02,585
2015-11-27 22:34:02,589
2015-11-27 22:35:03,588
2015-11-27 22:36:03,590
2015-11-27 22:37:04,590
2015-11-27 22:38:04,593
2015-11-27 22:39:05,592
2015-11-27 22:40:05,592
2015-11-27 22:41:05,595
2015-11-27 22:42:06,593
2015-11-27 22:43:06,594
2015-11-27 22:44:06,601
2015-11-27 22:45:07,602
2015-11-27 22:46:07,599
2015-11-27 22:47:08,600
2015-11-27 22:48:08,606
2015-11-27 22:49:08,607
2015-11-27 22:50:09,604
2015-11-27 22:51:09,604
2015-11-27 22:52:10,602
2015-11-27 22:53:10,598
2015-11-27 22:54:10,601
2015-11-27 22:55:11,601
2015-11-27 22:56:11,602
2015-11-27 22:57:12,603
2015-11-27 22:58:12,601
2015-11-27 22:59:12,599
2015-11-27 23:00:13,605
2015-11-27 23:01:14,606
2015-11-27 23:02:15,610
2015-11-27 23:03:15,609
2015-11-27 23:04:15,602
2015-11-27 23:05:16,615
2015-11-27 23:06:16,608
2015-11-27 23:07:17,615
2015-11-27 23:08:17,619
2015-11-27 23:09:17,619
2015-11-27 23:10:18,613
2015-11-27 23:11:18,606
2015-11-27 23:12:19,608
2015-11-27 23:13:19,616
2015-11-27 23:14:19,614
2015-11-27 23:15:20,614
2015-11-27 23:16:20,609
2015-11-27 23:17:21,604
2015-11-27 23:18:21,607
2015-11-27 23:19:21,608
2015-11-27 23:20:22,605
2015-11-27 23:21:22,607
2015-11-27 23:22:23,609
2015-11-27 23:23:23,609
2015-11-27 23:24:24,610
2015-11-27 23:25:24,616
2015-11-27 23:26:24,610
2015-11-27 23:27:25,614
2015-11-27 23:28:25,611
2015-11-27 23:29:26,614
2015-11-27 23:30:26,611
2015-11-27 23:31:26,611
2015-11-27 23:32:27,614
2015-11-27 23:33:28,615
2015-11-27 23:34:28,616
2015-11-27 23:35:29,616
2015-11-27 23:36:29,616
2015-11-27 23:37:29,610
2015-11-27 23:38:30,606
2015-11-27 23:39:30,612
2015-11-27 23:40:31,609
2015-11-27 23:41:31,608
2015-11-27 23:42:31,607
2015-11-27 23:43:32,605
2015-11-27 23:44:32,598
2015-11-27 23:45:33,601
2015-11-27 23:46:33,608
2015-11-27 23:47:33,605
2015-11-27 23:48:34,605
2015-11-27 23:49:34,607
2015-11-27 23:50:35,603
2015-11-27 23:51:36,602
2015-11-27 23:52:36,597
2015-11-27 23:53:36,596
2015-11-27 23:54:37,600
2015-11-27 23:55:37,598
2015-11-27 23:56:38,604
2015-11-27 23:57:38,599
2015-11-27 23:58:38,604
2015-11-27 23:59:39,602
2015-11-28 00:00:39,600
2015-11-28 00:01:40,592
2015-11-28 00:02:40,593
2015-11-28 00:03:41,594
2015-11-28 00:04:41,593
2015-11-28 00:05:41,591
2015-11-28 00:06:42,592
2015-11-28 00:07:43,604
2015-11-28 00:08:43,600
2015-11-28 00:09:43,598
2015-11-28 00:10:44,601
2015-11-28 00:11:44,603
2015-11-28 00:12:45,604
2015-11-28 00:13:45,599
2015-11-28 00:14:45,598
2015-11-28 00:15:46,600
2015-11-28 00:16:46,604
2015-11-28 00:17:47,606
2015-11-28 00:18:47,609
2015-11-28 00:19:47,612
2015-11-28 00:20:48,606
2015-11-28 00:21:49,616
2015-11-28 00:22:49,609
2015-11-28 00:23:49,611
2015-11-28 00:24:50,607
2015-11-28 00:25:50,609
2015-11-28 00:26:51,611
2015-11-28 00:27:51,604
2015-11-28 00:28:52,610
2015-11-28 00:29:52,614
2015-11-28 00:30:53,614
2015-11-28 00:31:53,620
2015-11-28 00:32:53,622
2015-11-28 00:33:54,619
2015-11-28 00:34:54,617
2015-11-28 00:35:55,612
2015-11-28 00:36:55,611
2015-11-28 00:37:56,623
2015-11-28 00:38:56,630
2015-11-28 00:39:56,633
2015-11-28 00:40:57,639
2015-11-28 00:41:57,641
2015-11-28 00:42:57,640
2015-11-28 00:43:58,642
2015-11-28 00:44:58,637
2015-11-28 00:45:59,640
2015-11-28 00:46:59,640
2015-11-28 00:47:59,645
2015-11-28 00:49:00,652
2015-11-28 00:50:00,652
2015-11-28 00:51:01,649
2015-11-28 00:52:01,648
2015-11-28 00:53:01,649
2015-11-28 00:54:02,653
2015-11-28 00:55:02,655
2015-11-28 00:56:03,658
2015-11-28 00:57:03,657
2015-11-28 00:58:04,652
2015-11-28 00:59:04,653
2015-11-28 01:00:04,656
2015-11-28 01:01:05,652
2015-11-28 01:02:05,652
2015-11-28 01:03:06,653
2015-11-28 01:04:06,653
2015-11-28 01:05:06,651
2015-11-28 01:06:07,650
2015-11-28 01:07:07,648
2015-11-28 01:08:08,654
2015-11-28 01:09:08,651
2015-11-28 01:10:08,655
2015-11-28 01:11:09,660
2015-11-28 01:12:09,657
2015-11-28 01:13:10,656
2015-11-28 01:14:10,653
2015-11-28 01:15:11,654
2015-11-28 01:16:11,651
2015-11-28 01:17:11,659
2015-11-28 01:18:12,663
2015-11-28 01:19:12,656
2015-11-28 01:20:13,659
2015-11-28 01:21:13,651
2015-11-28 01:22:13,649
2015-11-28 01:23:14,649
2015-11-28 01:24:14,647
2015-11-28 01:25:15,647
2015-11-28 01:26:15,650
2015-11-28 01:27:15,648
2015-11-28 01:28:16,647
2015-11-28 01:29:16,651
2015-11-28 01:30:17,651
2015-11-28 01:31:17,649
2015-11-28 01:32:17,653
2015-11-28 01:33:18,652
2015-11-28 01:34:18,655
2015-11-28 01:35:18,661
2015-11-28 01:36:19,661
2015-11-28 01:37:19,662
2015-11-28 01:38:20,663
2015-11-28 01:39:20,668
2015-11-28 01:40:20,670
2015-11-28 01:41:21,668
2015-11-28 01:42:21,665
2015-11-28 01:43:22,674
2015-11-28 01:44:22,674
2015-11-28 01:45:23,677
2015-11-28 01:46:23,684
2015-11-28 01:47:23,691
2015-11-28 01:48:24,689
2015-11-28 01:49:24,692
2015-11-28 01:50:25,685
2015-11-28 01:51:25,686
2015-11-28 01:52:26,691
2015-11-28 01:53:26,698
2015-11-28 01:54:27,691
2015-11-28 01:55:27,684
2015-11-28 01:56:27,685
2015-11-28 01:57:28,689
2015-11-28 01:58:28,694
2015-11-28 01:59:29,687
2015-11-28 02:00:29,692
2015-11-28 02:01:29,691
2015-11-28 02:02:30,695
2015-11-28 02:03:30,701
2015-11-28 02:04:31,707
2015-11-28 02:05:31,696
2015-11-28 02:06:31,699
2015-11-28 02:07:32,691
2015-11-28 02:08:32,698
2015-11-28 02:09:33,703
2015-11-28 02:10:33,688
2015-11-28 02:11:33,690
2015-11-28 02:12:34,693
2015-11-28 02:13:34,695
2015-11-28 02:14:35,698
2015-11-28 02:15:35,701
2015-11-28 02:16:36,704
2015-11-28 02:17:36,705
2015-11-28 02:18:37,711
2015-11-28 02:19:37,703
2015-11-28 02:20:37,714
2015-11-28 02:21:38,712
2015-11-28 02:22:38,701
2015-11-28 02:23:39,702
2015-11-28 02:24:39,704
2015-11-28 02:25:39,704
2015-11-28 02:26:40,705
2015-11-28 02:27:40,700
2015-11-28 02:28:41,699
2015-11-28 02:29:41,699
2015-11-28 02:30:41,692
2015-11-28 02:31:42,705
2015-11-28 02:32:42,708
2015-11-28 02:33:43,710
2015-11-28 02:34:43,702
2015-11-28 02:35:43,704
2015-11-28 02:36:44,710
2015-11-28 02:37:44,714
2015-11-28 02:38:45,718
2015-11-28 02:39:45,711
2015-11-28 02:40:45,713
2015-11-28 02:41:46,718
2015-11-28 02:42:46,722
2015-11-28 02:43:47,723
2015-11-28 02:44:47,727
2015-11-28 02:45:47,737
2015-11-28 02:46:48,740
2015-11-28 02:47:48,741
2015-11-28 02:48:49,736
2015-11-28 02:49:49,751
2015-11-28 02:50:49,752
2015-11-28 02:51:50,753
2015-11-28 02:52:50,742
2015-11-28 02:53:50,747
2015-11-28 02:54:51,746
2015-11-28 02:55:51,751
2015-11-28 02:56:52,756
2015-11-28 02:57:52,753
2015-11-28 02:58:52,756
2015-11-28 02:59:53,759
2015-11-28 03:00:53,763
2015-11-28 03:01:54,762
2015-11-28 03:02:54,768
2015-11-28 03:03:54,779
2015-11-28 03:04:55,778
2015-11-28 03:05:55,779
2015-11-28 03:06:56,776
2015-11-28 03:07:56,770
2015-11-28 03:08:56,775
2015-11-28 03:09:57,777
2015-11-28 03:10:57,783
2015-11-28 03:11:58,781
2015-11-28 03:12:58,780
2015-11-28 03:13:58,775
2015-11-28 03:14:59,768
2015-11-28 03:15:59,766
2015-11-28 03:17:00,765
2015-11-28 03:18:00,761
2015-11-28 03:19:00,772
2015-11-28 03:20:01,759
2015-11-28 03:21:01,748
2015-11-28 03:22:02,760
2015-11-28 03:23:02,751
2015-11-28 03:24:03,757
2015-11-28 03:25:04,761
2015-11-28 03:26:04,764
2015-11-28 03:27:04,763
2015-11-28 03:28:05,771
2015-11-28 03:29:05,764
2015-11-28 03:30:06,770
2015-11-28 03:31:06,769
2015-11-28 03:32:06,766
2015-11-28 03:33:07,771
2015-11-28 03:34:07,771
2015-11-28 03:35:07,775
2015-11-28 03:36:08,776
2015-11-28 03:37:08,770
2015-11-28 03:38:09,774
2015-11-28 03:39:09,775
2015-11-28 03:40:09,779
2015-11-28 03:41:10,790
2015-11-28 03:42:10,782
2015-11-28 03:43:11,789
2015-11-28 03:44:11,787
2015-11-28 03:45:11,780
2015-11-28 03:46:12,787
2015-11-28 03:47:12,778
2015-11-28 03:48:13,772
2015-11-28 03:49:13,776
2015-11-28 03:50:13,775
2015-11-28 03:51:14,786
2015-11-28 03:52:14,781
2015-11-28 03:53:15,784
2015-11-28 03:54:15,783
2015-11-28 03:55:15,787
2015-11-28 03:56:16,796
2015-11-28 03:57:17,792
2015-11-28 03:58:17,799
2015-11-28 03:59:18,799
2015-11-28 04:00:18,790
2015-11-28 04:01:18,794
2015-11-28 04:02:19,789
2015-11-28 04:03:19,794
2015-11-28 04:04:20,790
2015-11-28 04:05:20,792
2015-11-28 04:06:20,789
2015-11-28 04:07:21,790
2015-11-28 04:08:21,784
2015-11-28 04:09:22,783
2015-11-28 04:10:22,786
2015-11-28 04:11:22,789
2015-11-28 04:12:23,776
2015-11-28 04:13:23,768
2015-11-28 04:14:24,769
2015-11-28 04:15:24,775
2015-11-28 04:16:24,769
2015-11-28 04:17:25,767
2015-11-28 04:18:25,772
2015-11-28 04:19:25,783
2015-11-28 04:20:26,781
2015-11-28 04:21:27,780
2015-11-28 04:22:27,780
2015-11-28 04:23:27,783
2015-11-28 04:24:28,781
2015-11-28 04:25:29,773
2015-11-28 04:26:29,772
2015-11-28 04:27:29,771
2015-11-28 04:28:30,765
2015-11-28 04:29:30,767
2015-11-28 04:30:31,760
2015-11-28 04:31:35,775
2015-11-28 04:32:35,775
2015-11-28 04:33:36,780
2015-11-28 04:34:36,776
2015-11-28 04:35:37,774
2015-11-28 04:36:37,785
2015-11-28 04:37:37,783
2015-11-28 04:38:38,788
2015-11-28 04:39:38,789
2015-11-28 04:40:39,802
2015-11-28 04:41:39,808
2015-11-28 04:42:39,807
2015-11-28 04:43:40,806
2015-11-28 04:44:40,809
2015-11-28 04:45:41,814
2015-11-28 04:46:41,806
2015-11-28 04:47:41,802
2015-11-28 04:48:42,802
2015-11-28 04:49:42,805
2015-11-28 04:50:43,816
2015-11-28 04:51:43,815
2015-11-28 04:52:43,812
2015-11-28 04:53:44,810
2015-11-28 04:54:44,805
2015-11-28 04:55:44,808
2015-11-28 04:56:45,809
2015-11-28 04:57:45,812
2015-11-28 04:58:46,811
2015-11-28 04:59:46,805
2015-11-28 05:00:46,814
2015-11-28 05:01:47,819
2015-11-28 05:02:47,824
2015-11-28 05:03:48,824
2015-11-28 05:04:48,823
2015-11-28 05:05:48,828
2015-11-28 05:06:49,829
2015-11-28 05:07:49,830
2015-11-28 05:08:50,827
2015-11-28 05:09:50,823
2015-11-28 05:10:50,826
2015-11-28 05:11:51,825
2015-11-28 05:12:51,821
2015-11-28 05:13:52,826
2015-11-28 05:14:52,826
2015-11-28 05:15:52,822
2015-11-28 05:16:53,827
2015-11-28 05:17:53,829
2015-11-28 05:18:54,831
2015-11-28 05:19:54,833
2015-11-28 05:20:55,835
2015-11-28 05:21:55,831
2015-11-28 05:22:55,823
2015-11-28 05:23:56,822
2015-11-28 05:24:56,824
2015-11-28 05:25:57,825
2015-11-28 05:26:57,829
2015-11-28 05:27:57,826
2015-11-28 05:28:58,826
2015-11-28 05:29:58,823
2015-11-28 05:30:59,817
2015-11-28 05:31:59,826
2015-11-28 05:32:59,824
2015-11-28 05:34:00,825
2015-11-28 05:35:00,822
2015-11-28 05:36:01,816
2015-11-28 05:37:01,818
2015-11-28 05:38:01,821
2015-11-28 05:39:02,826
2015-11-28 05:40:02,820
2015-11-28 05:41:03,814
2015-11-28 05:42:03,812
2015-11-28 05:43:03,815
2015-11-28 05:44:04,817
2015-11-28 05:45:04,821
2015-11-28 05:46:05,822
2015-11-28 05:47:05,825
2015-11-28 05:48:05,822
2015-11-28 05:49:06,824
2015-11-28 05:50:06,826
2015-11-28 05:51:07,831