timestamp,sub,online,max_vote,min_vote,avg_vote
datetime,int,int,float,float,float
T,,,,,
2016-01-02 19:57:27,767491,14275,2312,137,674.6666666666666
2016-01-02 19:58:00,767491,14275,2318,136,675.8666666666667
2016-01-02 19:58:32,767491,14275,2318,136,675.8666666666667
2016-01-02 19:59:05,767491,14275,2318,136,675.8666666666667
2016-01-02 19:59:37,767491,14341,2323,134,676.6666666666666
2016-01-02 20:00:10,767491,14341,2323,134,676.6666666666666
2016-01-02 20:00:42,767491,14341,2323,134,676.6666666666666
2016-01-02 20:01:15,767494,14395,2323,130,675.7333333333333
2016-01-02 20:01:47,767494,14395,2323,130,675.7333333333333
2016-01-02 20:02:20,767494,14395,2323,130,675.7333333333333
